Date,daily_revenue,daily_transactions,daily_qty,Anomaly,Anomaly_Label
2020-07-01,486.9366,1001,404.782,1,Normal
2020-07-02,483.9154,974,393.678,1,Normal
2020-07-03,474.8341,964,386.018,1,Normal
2020-07-04,615.2829,1231,483.299,1,Normal
2020-07-05,626.0204,1296,516.917,1,Normal
2020-07-06,473.6183,933,371.537,1,Normal
2020-07-07,454.5959,909,350.803,1,Normal
2020-07-08,490.7271,911,364.126,1,Normal
2020-07-09,447.7227,887,353.294,1,Normal
2020-07-10,496.7435,987,389.427,1,Normal
2020-07-11,726.4038,1339,563.063,1,Normal
2020-07-12,747.2687,1454,595.923,1,Normal
2020-07-13,478.1174,944,382.197,1,Normal
2020-07-14,495.9524,987,403.509,1,Normal
2020-07-15,493.7605,1008,420.014,1,Normal
2020-07-16,519.97,1036,419.257,1,Normal
2020-07-17,508.0287,1008,406.779,1,Normal
2020-07-18,710.4719,1395,560.291,1,Normal
2020-07-19,850.0776,1624,664.509,-1,Anomaly
2020-07-20,496.1931,1044,415.89,1,Normal
2020-07-21,506.1538,983,406.731,1,Normal
2020-07-22,599.1743,1227,493.909,1,Normal
2020-07-23,512.1241,1013,428.823,1,Normal
2020-07-24,477.4302,879,369.258,1,Normal
2020-07-25,668.3439,1286,518.075,1,Normal
2020-07-26,762.7465,1392,570.809,1,Normal
2020-07-27,556.6433,1021,418.45,1,Normal
2020-07-28,476.6909,888,368.408,1,Normal
2020-07-29,564.2355,1066,432.132,1,Normal
2020-07-30,514.7906,992,415.89,1,Normal
2020-07-31,471.6245,880,374.56,1,Normal
2020-08-01,615.7677,1222,474.442,1,Normal
2020-08-02,686.765,1261,522.328,1,Normal
2020-08-03,577.7012,1128,448.064,1,Normal
2020-08-04,509.3654,958,400.011,1,Normal
2020-08-05,634.3856,1219,504.019,1,Normal
2020-08-06,557.8996,1076,448.973,1,Normal
2020-08-07,591.6821,1096,469.215,1,Normal
2020-08-08,787.9927,1508,652.978,-1,Anomaly
2020-08-09,682.0226,1260,529.958,1,Normal
2020-08-10,585.3358,1114,454.338,1,Normal
2020-08-11,553.0934,1082,440.331,1,Normal
2020-08-12,562.7086,1071,439.66700000000003,1,Normal
2020-08-13,475.4311,952,383.527,1,Normal
2020-08-14,573.2322,1156,474.441,1,Normal
2020-08-15,674.9924,1298,545.737,1,Normal
2020-08-16,654.6037,1261,524.909,1,Normal
2020-08-17,509.1335,1073,438.683,1,Normal
2020-08-18,541.7535,1096,459.441,1,Normal
2020-08-19,533.6627,1100,457.576,1,Normal
2020-08-20,575.1645,1155,494.406,1,Normal
2020-08-21,540.6213,1077,456.628,1,Normal
2020-08-22,662.3953,1340,568.857,1,Normal
2020-08-23,694.8408,1345,575.421,1,Normal
2020-08-24,543.7956,1058,486.312,1,Normal
2020-08-25,609.0769,1266,596.223,1,Normal
2020-08-26,601.7611,1195,499.033,1,Normal
2020-08-27,595.0882,1097,470.507,1,Normal
2020-08-28,564.1907,1115,492.325,1,Normal
2020-08-29,732.0094,1389,628.381,1,Normal
2020-08-30,726.0679,1436,627.818,1,Normal
2020-08-31,597.993,1173,511.237,1,Normal
2020-09-01,553.818,1059,471.286,1,Normal
2020-09-02,441.2382,881,385.329,1,Normal
2020-09-03,435.5408,923,397.806,1,Normal
2020-09-04,465.4697,940,405.805,1,Normal
2020-09-05,649.227,1285,556.705,1,Normal
2020-09-06,753.2236,1427,614.645,1,Normal
2020-09-07,407.4528,777,329.046,1,Normal
2020-09-08,389.7044,736,313.966,1,Normal
2020-09-09,325.9128,643,261.669,1,Normal
2020-09-10,383.0705,717,293.75600000000003,1,Normal
2020-09-11,383.0375,757,317.565,1,Normal
2020-09-12,569.9662,1084,461.272,1,Normal
2020-09-13,629.6133,1188,511.082,1,Normal
2020-09-14,433.658,835,353.293,1,Normal
2020-09-15,380.6329,779,309.957,1,Normal
2020-09-16,422.1036,831,352.717,1,Normal
2020-09-17,366.613,721,301.947,1,Normal
2020-09-18,364.2625,696,293.903,1,Normal
2020-09-19,619.3312,1168,533.26,1,Normal
2020-09-20,711.1080000000001,1393,602.088,1,Normal
2020-09-21,464.8976,957,409.435,1,Normal
2020-09-22,590.6973,1006,462.842,1,Normal
2020-09-23,454.3083,862,362.97,1,Normal
2020-09-24,512.7245,906,384.421,1,Normal
2020-09-25,514.4096,914,383.05,1,Normal
2020-09-26,771.3689,1291,576.264,1,Normal
2020-09-27,526.6272,919,411.579,1,Normal
2020-09-28,338.1567,617,254.094,1,Normal
2020-09-29,435.4535,805,337.418,1,Normal
2020-09-30,624.968,1031,464.59,1,Normal
2020-10-01,814.961,1311,598.202,1,Normal
2020-10-02,682.3439,1210,530.332,1,Normal
2020-10-03,693.0622,1194,569.646,1,Normal
2020-10-04,611.7599,1165,528.081,1,Normal
2020-10-05,816.7634,1412,712.233,-1,Anomaly
2020-10-06,781.7905,1414,669.342,1,Normal
2020-10-07,678.3975,1162,537.208,1,Normal
2020-10-08,705.6246,1186,768.263,1,Normal
2020-10-09,512.4415,894,402.629,1,Normal
2020-10-10,495.8286,862,389.581,1,Normal
2020-10-11,726.3648000000001,1272,624.378,1,Normal
2020-10-12,454.8571,855,412.6,1,Normal
2020-10-13,456.9268,926,396.342,1,Normal
2020-10-14,488.0204,875,411.359,1,Normal
2020-10-15,487.1987,943,429.617,1,Normal
2020-10-16,530.5022,1005,452.718,1,Normal
2020-10-17,811.0981,1512,689.531,-1,Anomaly
2020-10-18,764.8608,1413,635.403,1,Normal
2020-10-19,424.2489,834,385.779,1,Normal
2020-10-20,414.6058,760,374.903,1,Normal
2020-10-21,383.2964,728,350.009,1,Normal
2020-10-22,391.1066,753,338.768,1,Normal
2020-10-23,453.9067,904,440.06,1,Normal
2020-10-24,606.1019,1221,595.86,1,Normal
2020-10-25,590.5462,1167,544.504,1,Normal
2020-10-26,335.5963,685,319.468,1,Normal
2020-10-27,320.4594,668,314.575,1,Normal
2020-10-28,369.4496,771,367.101,1,Normal
2020-10-29,326.7097,663,309.422,1,Normal
2020-10-30,344.3292,732,328.825,1,Normal
2020-10-31,707.8971,1379,643.143,1,Normal
2020-11-01,589.0998,1151,564.446,1,Normal
2020-11-02,336.745,703,336.271,1,Normal
2020-11-03,332.0055,752,346.185,1,Normal
2020-11-04,357.4173,836,473.597,1,Normal
2020-11-05,332.0437,771,395.466,1,Normal
2020-11-06,327.1929,803,388.26,1,Normal
2020-11-07,601.0905,1238,620.678,1,Normal
2020-11-08,579.2511,1267,613.911,1,Normal
2020-11-09,311.3759,749,354.981,1,Normal
2020-11-10,262.8019,668,324.18,1,Normal
2020-11-11,306.1475,769,377.213,1,Normal
2020-11-12,253.7266,634,323.516,1,Normal
2020-11-13,278.6727,685,362.015,1,Normal
2020-11-14,462.1922,1101,532.052,1,Normal
2020-11-15,419.759,986,515.886,1,Normal
2020-11-16,261.2591,657,318.557,1,Normal
2020-11-17,311.7682,778,478.589,1,Normal
2020-11-18,313.1933,852,433.373,1,Normal
2020-11-19,335.5798,815,470.158,1,Normal
2020-11-20,303.2767,793,453.92,1,Normal
2020-11-21,636.5516,1668,945.108,-1,Anomaly
2020-11-22,664.4005,1524,845.41,-1,Anomaly
2020-11-23,469.0991,1126,674.667,1,Normal
2020-11-24,403.4292,978,509.523,1,Normal
2020-11-25,356.4545,887,461.38100000000003,1,Normal
2020-11-26,340.1547,807,513.018,1,Normal
2020-11-27,344.5426,781,456.978,1,Normal
2020-11-28,535.9495,1291,798.402,1,Normal
2020-11-29,507.0706,1191,651.607,1,Normal
2020-11-30,312.9774,773,439.98,1,Normal
2020-12-01,310.7599,817,495.276,1,Normal
2020-12-02,355.625,843,504.588,1,Normal
2020-12-03,356.0683,788,495.89,1,Normal
2020-12-04,403.35450000000003,941,522.557,1,Normal
2020-12-05,517.3515,1133,646.721,1,Normal
2020-12-06,663.4739,1385,843.714,1,Normal
2020-12-07,360.4683,771,428.298,1,Normal
2020-12-08,373.1991,784,430.075,1,Normal
2020-12-09,329.1998,686,367.508,1,Normal
2020-12-10,352.8675,767,403.913,1,Normal
2020-12-11,370.1731,780,452.465,1,Normal
2020-12-12,600.2309,1194,648.459,1,Normal
2020-12-13,709.7845,1430,823.273,-1,Anomaly
2020-12-14,404.3088,809,440.745,1,Normal
2020-12-15,407.5064,810,440.293,1,Normal
2020-12-16,338.6965,651,343.741,1,Normal
2020-12-17,359.3187,704,386.812,1,Normal
2020-12-18,407.6408,756,388.498,1,Normal
2020-12-19,667.7015,1213,651.11,1,Normal
2020-12-20,654.2212,1287,665.706,1,Normal
2020-12-21,357.4311,664,349.454,1,Normal
2020-12-22,332.2444,646,344.122,1,Normal
2020-12-23,361.1936,709,346.361,1,Normal
2020-12-24,388.8372,787,443.003,1,Normal
2020-12-25,518.8998,934,471.703,1,Normal
2020-12-26,640.4565,1146,657.102,1,Normal
2020-12-27,599.1124,1086,615.751,1,Normal
2020-12-28,446.143,801,477.614,1,Normal
2020-12-29,395.4225,699,433.444,1,Normal
2020-12-30,405.1508,678,370.686,1,Normal
2020-12-31,532.8273,861,462.828,1,Normal
2021-01-01,689.6809,1124,594.459,1,Normal
2021-01-02,603.1765,994,542.978,1,Normal
2021-01-03,601.9628,1034,542.528,1,Normal
2021-01-04,485.0388,829,434.648,1,Normal
2021-01-05,494.3814,825,428.547,1,Normal
2021-01-06,465.3187,838,418.066,1,Normal
2021-01-07,502.0626,812,417.523,1,Normal
2021-01-08,478.9414,818,457.875,1,Normal
2021-01-09,743.2914,1167,597.401,1,Normal
2021-01-10,757.1002,1148,618.01,1,Normal
2021-01-11,474.126,734,403.256,1,Normal
2021-01-12,429.6448,642,363.073,1,Normal
2021-01-13,426.3503,665,351.767,1,Normal
2021-01-14,473.453,664,360.478,1,Normal
2021-01-15,519.6899999999999,762,408.858,1,Normal
2021-01-16,804.684,1189,627.554,1,Normal
2021-01-17,780.3635,1103,582.322,1,Normal
2021-01-18,536.1429,773,379.348,1,Normal
2021-01-19,519.5722,751,426.7,1,Normal
2021-01-20,586.6857,870,436.507,1,Normal
2021-01-21,578.706,810,439.72,1,Normal
2021-01-22,606.6289,853,455.079,1,Normal
2021-01-23,772.3528,1070,554.818,1,Normal
2021-01-24,973.7923,1377,745.948,-1,Anomaly
2021-01-25,685.6166,975,513.433,1,Normal
2021-01-26,624.4982,916,487.116,1,Normal
2021-01-27,728.4429,1061,534.877,1,Normal
2021-01-28,625.0697,851,435.146,1,Normal
2021-01-29,567.2136,798,407.347,1,Normal
2021-01-30,737.3579,1105,549.623,1,Normal
2021-01-31,733.6451,1089,547.864,1,Normal
2021-02-01,538.7237,801,411.973,1,Normal
2021-02-02,623.5768,940,486.76800000000003,1,Normal
2021-02-03,636.0269,1011,529.363,1,Normal
2021-02-04,749.7516,1050,564.194,1,Normal
2021-02-05,799.7422,1080,554.427,1,Normal
2021-02-06,940.8506,1308,697.375,-1,Anomaly
2021-02-07,1018.4368,1227,700.338,-1,Anomaly
2021-02-08,1602.1006,1747,1068.928,-1,Anomaly
2021-02-09,2628.5556,2501,1471.646,-1,Anomaly
2021-02-10,4024.8445,3746,2103.778,-1,Anomaly
2021-02-13,915.0968,1039,524.215,1,Normal
2021-02-14,956.6164,1174,583.878,-1,Anomaly
2021-02-15,1184.7817,1593,829.938,-1,Anomaly
2021-02-16,1067.0333,1445,719.914,-1,Anomaly
2021-02-17,840.0765,1223,576.07,1,Normal
2021-02-18,798.8301,1267,599.705,1,Normal
2021-02-19,584.2709,1024,526.576,1,Normal
2021-02-20,636.1648,1074,505.217,1,Normal
2021-02-21,523.6831999999999,910,412.286,1,Normal
2021-02-22,430.6348,751,365.606,1,Normal
2021-02-23,449.9325,842,393.03000000000003,1,Normal
2021-02-24,480.8621,911,452.894,1,Normal
2021-02-25,564.6552,1031,515.818,1,Normal
2021-02-26,787.9834,1396,745.052,1,Normal
2021-02-27,625.9037,1176,600.11,1,Normal
2021-02-28,633.5444,1235,668.212,1,Normal
2021-03-01,496.374,1047,503.04,1,Normal
2021-03-02,470.6244,893,431.948,1,Normal
2021-03-03,430.6651,826,404.205,1,Normal
2021-03-04,356.3499,781,378.295,1,Normal
2021-03-05,465.5051,949,495.347,1,Normal
2021-03-06,740.3285,1536,771.857,-1,Anomaly
2021-03-07,589.5631,1316,660.533,1,Normal
2021-03-08,437.9045,955,463.252,1,Normal
2021-03-09,416.4558,911,478.832,1,Normal
2021-03-10,306.3173,688,335.483,1,Normal
2021-03-11,378.4131,747,370.111,1,Normal
2021-03-12,420.4273,832,415.685,1,Normal
2021-03-13,531.5203,1041,491.546,1,Normal
2021-03-14,462.9806,1021,458.217,1,Normal
2021-03-15,277.6067,578,281.749,1,Normal
2021-03-16,258.9148,593,270.232,1,Normal
2021-03-17,332.0286,718,303.569,1,Normal
2021-03-18,333.5327,715,329.091,1,Normal
2021-03-19,399.3203,820,375.972,1,Normal
2021-03-20,592.2795,1230,558.942,1,Normal
2021-03-21,518.8737,1084,517.793,1,Normal
2021-03-22,296.7969,643,288.812,1,Normal
2021-03-23,307.3293,648,311.106,1,Normal
2021-03-24,265.1934,524,238.029,1,Normal
2021-03-25,280.034,573,239.942,1,Normal
2021-03-26,486.6744,872,422.273,1,Normal
2021-03-27,547.1672,996,469.286,1,Normal
2021-03-28,453.7951,869,395.704,1,Normal
2021-03-29,355.8071,671,312.862,1,Normal
2021-03-30,330.6451,642,285.757,1,Normal
2021-03-31,360.3401,647,317.53,1,Normal
2021-04-01,396.9501,743,344.719,1,Normal
2021-04-02,503.0007,979,450.643,1,Normal
2021-04-03,623.5074,1194,528.418,1,Normal
2021-04-04,507.7977,1052,470.356,1,Normal
2021-04-05,486.158,1059,476.529,1,Normal
2021-04-06,116.3195,277,122.247,-1,Anomaly
2021-04-07,389.8562,796,369.699,1,Normal
2021-04-08,281.7311,616,277.181,1,Normal
2021-04-09,372.2696,708,329.834,1,Normal
2021-04-10,473.5964,962,447.747,1,Normal
2021-04-11,477.3344,1025,452.445,1,Normal
2021-04-12,274.7465,591,276.863,1,Normal
2021-04-13,246.4296,580,266.274,1,Normal
2021-04-14,295.8692,644,308.561,1,Normal
2021-04-15,274.792,576,270.943,1,Normal
2021-04-16,299.641,663,314.788,1,Normal
2021-04-17,451.2817,999,471.379,1,Normal
2021-04-18,435.4627,1016,468.645,1,Normal
2021-04-19,270.4727,629,285.15,1,Normal
2021-04-20,290.112,727,311.167,1,Normal
2021-04-21,286.2801,732,354.244,1,Normal
2021-04-22,251.0612,644,300.233,1,Normal
2021-04-23,311.328,764,358.607,1,Normal
2021-04-24,508.1389,1283,608.187,1,Normal
2021-04-25,367.0007,933,460.95,1,Normal
2021-04-26,265.6266,687,316.973,1,Normal
2021-04-27,234.9382,609,278.105,1,Normal
2021-04-28,242.5852,613,270.834,1,Normal
2021-04-29,236.9563,629,280.37,1,Normal
2021-04-30,278.6814,639,305.488,1,Normal
2021-05-01,375.4454,853,395.526,1,Normal
2021-05-02,391.5328,893,403.088,1,Normal
2021-05-03,405.8521,950,446.21,1,Normal
2021-05-04,332.1268,805,352.143,1,Normal
2021-05-05,408.2597,950,403.448,1,Normal
2021-05-06,287.3772,765,304.911,1,Normal
2021-05-07,267.8141,711,308.219,1,Normal
2021-05-08,297.8233,782,325.85,1,Normal
2021-05-09,424.1853,1050,445.93,1,Normal
2021-05-10,248.5362,714,308.855,1,Normal
2021-05-11,249.4674,729,329.737,1,Normal
2021-05-12,227.6695,660,300.735,1,Normal
2021-05-13,262.0136,650,294.51,1,Normal
2021-05-14,296.1649,804,356.905,1,Normal
2021-05-15,404.7655,1047,485.369,1,Normal
2021-05-16,407.1333,1153,494.877,1,Normal
2021-05-17,252.4851,771,341.009,1,Normal
2021-05-18,276.9795,776,354.775,1,Normal
2021-05-19,246.6437,699,313.152,1,Normal
2021-05-20,236.4577,704,294.638,1,Normal
2021-05-21,235.7578,584,246.525,1,Normal
2021-05-22,351.2857,999,404.495,1,Normal
2021-05-23,462.145,1285,540.919,1,Normal
2021-05-24,264.6808,731,295.477,1,Normal
2021-05-25,245.1255,688,275.797,1,Normal
2021-05-26,272.9761,775,330.217,1,Normal
2021-05-27,225.5882,591,269.805,1,Normal
2021-05-28,239.71450000000002,668,283.872,1,Normal
2021-05-29,343.9516,937,414.242,1,Normal
2021-05-30,306.183,925,389.396,1,Normal
2021-05-31,291.7905,760,356.144,1,Normal
2021-06-01,281.5915,768,337.15500000000003,1,Normal
2021-06-02,300.7762,884,391.232,1,Normal
2021-06-03,255.1831,728,324.925,1,Normal
2021-06-04,270.1192,681,293.464,1,Normal
2021-06-05,394.1226,1018,455.90500000000003,1,Normal
2021-06-06,342.7816,961,424.202,1,Normal
2021-06-07,263.0337,718,308.82,1,Normal
2021-06-08,238.6913,678,285.802,1,Normal
2021-06-09,254.0396,638,263.992,1,Normal
2021-06-10,235.5269,627,257.636,1,Normal
2021-06-11,257.0149,665,274.793,1,Normal
2021-06-12,491.7684,1148,472.794,1,Normal
2021-06-13,482.4667,1179,488.522,1,Normal
2021-06-14,401.7397,1028,420.649,1,Normal
2021-06-15,277.0262,713,296.274,1,Normal
2021-06-16,188.0403,562,219.482,1,Normal
2021-06-17,237.6575,671,268.31,1,Normal
2021-06-18,268.0038,687,297.708,1,Normal
2021-06-19,384.3343,1005,415.798,1,Normal
2021-06-20,404.8349,1028,441.515,1,Normal
2021-06-21,298.9947,745,315.523,1,Normal
2021-06-22,272.0769,682,282.865,1,Normal
2021-06-23,305.1291,732,303.421,1,Normal
2021-06-24,252.5962,674,261.826,1,Normal
2021-06-25,277.3842,669,278.899,1,Normal
2021-06-26,464.8845,1128,455.754,1,Normal
2021-06-27,460.3272,1119,450.108,1,Normal
2021-06-28,285.8201,691,271.55,1,Normal
2021-06-29,243.87,622,240.54,1,Normal
2021-06-30,276.0476,667,268.007,1,Normal
2021-07-01,307.945,759,304.324,1,Normal
2021-07-02,289.8128,697,283.945,1,Normal
2021-07-03,489.2676,1142,463.765,1,Normal
2021-07-04,406.3837,954,408.505,1,Normal
2021-07-05,394.6489,948,401.534,1,Normal
2021-07-06,365.0736,900,358.549,1,Normal
2021-07-07,285.6597,728,294.501,1,Normal
2021-07-08,317.5998,762,329.205,1,Normal
2021-07-09,232.8015,605,231.867,1,Normal
2021-07-10,402.7204,975,405.27,1,Normal
2021-07-11,405.3923,971,420.632,1,Normal
2021-07-12,247.7227,619,262.921,1,Normal
2021-07-13,290.8894,647,275.497,1,Normal
2021-07-14,320.4072,801,343.30400000000003,1,Normal
2021-07-15,264.7999,640,270.348,1,Normal
2021-07-16,436.8815,1060,457.737,1,Normal
2021-07-17,493.4722,1134,466.36,1,Normal
2021-07-18,473.8478,1092,466.88,1,Normal
2021-07-19,339.33820000000003,752,326.277,1,Normal
2021-07-20,321.2055,725,298.57,1,Normal
2021-07-21,364.9506,831,340.51,1,Normal
2021-07-22,350.4782,754,321.173,1,Normal
2021-07-23,320.2835,741,295.759,1,Normal
2021-07-24,491.2482,1085,445.079,1,Normal
2021-07-25,518.8762,1139,471.518,1,Normal
2021-07-26,322.1179,769,292.05,1,Normal
2021-07-27,416.9993,899,381.235,1,Normal
2021-07-28,459.3512,923,411.365,1,Normal
2021-07-29,371.6143,824,361.275,1,Normal
2021-07-30,434.40500000000003,890,391.537,1,Normal
2021-07-31,504.8773,1026,453.231,1,Normal
2021-08-01,552.0773,1192,494.141,1,Normal
2021-08-02,544.245,1083,502.574,1,Normal
2021-08-03,507.674,1013,459.644,1,Normal
2021-08-04,551.4453,1143,522.379,1,Normal
2021-08-05,466.7022,1034,440.76,1,Normal
2021-08-06,420.209,912,363.856,1,Normal
2021-08-07,514.9228,1112,448.272,1,Normal
2021-08-08,555.6763,1121,484.564,1,Normal
2021-08-09,497.5787,1041,445.121,1,Normal
2021-08-10,418.0867,885,357.516,1,Normal
2021-08-11,421.9497,834,378.909,1,Normal
2021-08-12,518.1914,1055,490.964,1,Normal
2021-08-13,545.3984,1153,510.403,1,Normal
2021-08-14,606.02,1234,530.714,1,Normal
2021-08-15,568.4544,1156,526.54,1,Normal
2021-08-16,416.8036,837,365.021,1,Normal
2021-08-17,456.5438,929,395.163,1,Normal
2021-08-18,423.3383,841,366.866,1,Normal
2021-08-19,391.7048,750,338.874,1,Normal
2021-08-20,445.65590000000003,852,384.865,1,Normal
2021-08-21,610.7998,1152,486.639,1,Normal
2021-08-22,615.2873,1214,511.145,1,Normal
2021-08-23,362.7806,686,307.687,1,Normal
2021-08-24,374.8393,747,328.786,1,Normal
2021-08-25,337.3207,708,298.017,1,Normal
2021-08-26,523.3983,1047,469.796,1,Normal
2021-08-27,535.7764999999999,1057,493.731,1,Normal
2021-08-28,550.4284,1139,501.412,1,Normal
2021-08-29,585.5099,1158,527.879,1,Normal
2021-08-30,469.6889,934,422.351,1,Normal
2021-08-31,430.998,899,388.339,1,Normal
2021-09-01,398.4724,824,367.01,1,Normal
2021-09-02,403.3474,787,344.004,1,Normal
2021-09-03,403.7777,799,338.387,1,Normal
2021-09-04,624.7582,1220,516.814,1,Normal
2021-09-05,647.8308,1161,517.592,1,Normal
2021-09-06,440.9023,798,361.336,1,Normal
2021-09-07,404.1796,726,329.479,1,Normal
2021-09-08,372.7754,693,309.652,1,Normal
2021-09-09,335.0327,618,269.03,1,Normal
2021-09-10,357.1747,660,288.435,1,Normal
2021-09-11,557.2593,1011,485.322,1,Normal
2021-09-12,597.0912,1112,509.376,1,Normal
2021-09-13,341.0807,682,297.845,1,Normal
2021-09-14,354.2048,664,309.693,1,Normal
2021-09-15,334.308,651,285.692,1,Normal
2021-09-16,297.7218,602,244.133,1,Normal
2021-09-17,322.6994,608,259.505,1,Normal
2021-09-18,389.1471,732,317.593,1,Normal
2021-09-19,775.1081,1343,598.576,1,Normal
2021-09-20,791.7429,1370,611.914,1,Normal
2021-09-21,761.321,1366,604.26,1,Normal
2021-09-22,399.0731,790,326.787,1,Normal
2021-09-23,313.7368,619,255.894,1,Normal
2021-09-24,290.9437,586,241.296,1,Normal
2021-09-25,490.0705,974,430.807,1,Normal
2021-09-26,334.4511,710,303.723,1,Normal
2021-09-27,220.7231,487,200.90200000000002,1,Normal
2021-09-28,246.4926,545,226.52,1,Normal
2021-09-29,294.0152,631,256.443,1,Normal
2021-09-30,293.6362,625,257.665,1,Normal
2021-10-01,594.5369,1145,496.011,1,Normal
2021-10-02,458.9712,931,411.261,1,Normal
2021-10-03,426.3565,856,379.047,1,Normal
2021-10-04,422.2907,911,383.202,1,Normal
2021-10-05,480.2413,996,432.648,1,Normal
2021-10-06,561.7998,1186,517.864,1,Normal
2021-10-07,409.2947,889,387.676,1,Normal
2021-10-08,379.2043,779,347.089,1,Normal
2021-10-09,341.3729,723,308.025,1,Normal
2021-10-10,641.425,1294,577.778,1,Normal
2021-10-11,236.5404,551,244.48,1,Normal
2021-10-12,281.3209,591,257.433,1,Normal
2021-10-13,263.4205,541,238.084,1,Normal
2021-10-14,252.7451,515,207.985,1,Normal
2021-10-15,514.4224,766,386.581,1,Normal
2021-10-16,668.3571,1180,546.342,1,Normal
2021-10-17,513.7295,895,390.167,1,Normal
2021-10-18,293.4206,540,230.761,1,Normal
2021-10-19,265.4723,510,219.398,1,Normal
2021-10-20,363.0894,611,270.072,1,Normal
2021-10-21,291.4696,479,218.066,1,Normal
2021-10-22,289.5077,485,212.842,1,Normal
2021-10-23,440.7528,752,328.575,1,Normal
2021-10-24,351.4995,598,266.541,1,Normal
2021-10-25,226.649,383,172.471,1,Normal
2021-10-26,291.2867,494,209.186,1,Normal
2021-10-27,288.666,491,221.09,1,Normal
2021-10-28,239.9874,419,185.622,1,Normal
2021-10-29,308.0283,505,227.602,1,Normal
2021-10-30,410.5219,715,336.061,1,Normal
2021-10-31,395.6504,709,295.908,1,Normal
2021-11-01,268.2951,470,206.256,1,Normal
2021-11-02,274.3773,506,222.566,1,Normal
2021-11-03,283.3051,497,231.873,1,Normal
2021-11-04,298.0449,511,227.886,1,Normal
2021-11-05,399.9592,724,328.297,1,Normal
2021-11-06,475.4749,850,374.682,1,Normal
2021-11-07,591.3379,1054,462.03,1,Normal
2021-11-08,311.1958,558,247.478,1,Normal
2021-11-09,258.0946,459,195.75,1,Normal
2021-11-10,257.0839,457,206.352,1,Normal
2021-11-11,231.0053,392,171.39600000000002,1,Normal
2021-11-12,290.9633,483,211.708,1,Normal
2021-11-13,333.0802,550,242.705,1,Normal
2021-11-14,435.1478,734,308.681,1,Normal
2021-11-15,207.9533,396,157.237,1,Normal
2021-11-16,206.681,403,152.197,1,Normal
2021-11-17,224.6845,398,170.334,1,Normal
2021-11-18,159.6632,295,124.302,-1,Anomaly
2021-11-19,177.9708,335,136.922,-1,Anomaly
2021-11-20,336.961,665,282.673,1,Normal
2021-11-21,350.029,679,298.722,1,Normal
2021-11-22,186.7235,323,140.38,-1,Anomaly
2021-11-23,167.5473,331,144.392,-1,Anomaly
2021-11-24,165.6165,291,139.021,-1,Anomaly
2021-11-25,148.9497,279,128.267,-1,Anomaly
2021-11-26,177.5141,333,155.14000000000001,1,Normal
2021-11-27,264.0035,516,243.711,1,Normal
2021-11-28,273.5134,537,241.513,1,Normal
2021-11-29,148.124,324,143.50900000000001,-1,Anomaly
2021-11-30,179.2073,381,169.157,1,Normal
2021-12-01,174.1734,374,177.787,1,Normal
2021-12-02,147.1031,344,149.288,-1,Anomaly
2021-12-03,217.2004,472,199.623,1,Normal
2021-12-04,351.3191,735,317.289,1,Normal
2021-12-05,368.2553,744,339.99,1,Normal
2021-12-06,212.1365,432,183.333,1,Normal
2021-12-07,217.608,475,184.64000000000001,1,Normal
2021-12-08,208.0194,420,191.671,1,Normal
2021-12-09,192.4985,409,169.247,1,Normal
2021-12-10,224.4818,482,206.07,1,Normal
2021-12-11,474.0358,1020,471.901,1,Normal
2021-12-12,355.7581,729,327.375,1,Normal
2021-12-13,212.5991,468,239.426,1,Normal
2021-12-14,229.0898,481,251.707,1,Normal
2021-12-15,210.5793,459,222.365,1,Normal
2021-12-16,235.0965,514,254.656,1,Normal
2021-12-17,271.1298,578,286.165,1,Normal
2021-12-18,379.7386,855,407.493,1,Normal
2021-12-19,363.5149,891,447.481,1,Normal
2021-12-20,239.1452,562,264.83,1,Normal
2021-12-21,217.5224,480,229.902,1,Normal
2021-12-22,177.8655,425,198.944,1,Normal
2021-12-23,222.3037,500,232.803,1,Normal
2021-12-24,286.0385,615,310.859,1,Normal
2021-12-25,465.044,996,497.245,1,Normal
2021-12-26,457.8199,1009,499.873,1,Normal
2021-12-27,181.4253,414,222.651,1,Normal
2021-12-28,191.256,433,232.347,1,Normal
2021-12-29,167.4931,397,194.518,1,Normal
2021-12-30,177.5606,390,217.41,1,Normal
2021-12-31,396.6152,800,424.872,1,Normal
2022-01-01,402.3604,790,426.249,1,Normal
2022-01-02,234.0513,525,283.681,1,Normal
2022-01-03,311.6901,654,340.698,1,Normal
2022-01-04,264.188,557,292.104,1,Normal
2022-01-05,232.4931,527,256.394,1,Normal
2022-01-06,221.4367,473,248.546,1,Normal
2022-01-07,308.6861,643,312.911,1,Normal
2022-01-08,424.7349,893,440.738,1,Normal
2022-01-09,454.9816,984,499.77,1,Normal
2022-01-10,266.6548,558,279.988,1,Normal
2022-01-11,262.2159,570,296.372,1,Normal
2022-01-12,253.3371,552,294.009,1,Normal
2022-01-13,206.6992,481,242.38400000000001,1,Normal
2022-01-14,269.4798,580,312.41,1,Normal
2022-01-15,320.4982,717,373.689,1,Normal
2022-01-16,339.5187,741,406.944,1,Normal
2022-01-17,197.9586,431,231.668,1,Normal
2022-01-18,211.0783,450,230.949,1,Normal
2022-01-19,289.5354,598,328.553,1,Normal
2022-01-20,368.7697,728,391.986,1,Normal
2022-01-21,408.235,783,418.636,1,Normal
2022-01-22,647.1673,1078,563.431,1,Normal
2022-01-23,716.787,1033,568.15,1,Normal
2022-01-24,578.3011,820,458.764,1,Normal
2022-01-25,665.0798,847,468.18,1,Normal
2022-01-26,674.6422,809,482.057,1,Normal
2022-01-27,823.2411,890,569.471,1,Normal
2022-01-28,1397.835,1292,892.809,-1,Anomaly
2022-01-29,1997.8544,1856,1138.963,-1,Anomaly
2022-01-30,2307.2173,2158,1210.302,-1,Anomaly
2022-02-01,419.5497,481,233.535,1,Normal
2022-02-02,648.2363,768,388.067,1,Normal
2022-02-03,648.0026,794,373.094,1,Normal
2022-02-04,870.5615,1168,600.729,1,Normal
2022-02-05,609.292,871,473.26,1,Normal
2022-02-06,763.1069,1079,596.37,1,Normal
2022-02-07,567.9535,837,465.864,1,Normal
2022-02-08,472.7017,707,396.282,1,Normal
2022-02-09,389.9871,614,347.821,1,Normal
2022-02-10,346.2885,530,327.72,1,Normal
2022-02-11,359.4402,572,336.978,1,Normal
2022-02-12,392.86039999999997,661,375.47,1,Normal
2022-02-13,371.0445,664,376.491,1,Normal
2022-02-14,315.0263,576,332.545,1,Normal
2022-02-15,371.3439,643,368.974,1,Normal
2022-02-16,191.2447,352,223.673,1,Normal
2022-02-17,251.4397,466,282.174,1,Normal
2022-02-18,275.8981,494,292.788,1,Normal
2022-02-19,367.8559,643,362.534,1,Normal
2022-02-20,319.999,585,306.663,1,Normal
2022-02-21,237.6721,397,217.609,1,Normal
2022-02-22,259.7523,453,237.947,1,Normal
2022-02-23,197.6836,331,185.092,1,Normal
2022-02-24,246.9976,420,228.647,1,Normal
2022-02-25,329.7823,529,280.943,1,Normal
2022-02-26,425.3366,695,351.832,1,Normal
2022-02-27,368.2197,626,301.072,1,Normal
2022-02-28,253.6356,458,221.817,1,Normal
2022-03-01,229.3519,409,195.05,1,Normal
2022-03-02,243.3204,412,208.466,1,Normal
2022-03-03,232.4972,404,195.251,1,Normal
2022-03-04,255.4022,427,230.812,1,Normal
2022-03-05,415.9556,682,350.913,1,Normal
2022-03-06,445.0741,732,360.065,1,Normal
2022-03-07,209.0675,342,178.763,1,Normal
2022-03-08,234.9534,400,198.696,1,Normal
2022-03-09,240.675,373,190.69,1,Normal
2022-03-10,217.5455,369,189.076,1,Normal
2022-03-11,259.6834,442,217.74099999999999,1,Normal
2022-03-12,435.3613,668,337.889,1,Normal
2022-03-13,358.3995,573,283.307,1,Normal
2022-03-14,292.4399,445,245.929,1,Normal
2022-03-15,295.7147,445,235.595,1,Normal
2022-03-16,283.2427,469,236.99099999999999,1,Normal
2022-03-17,326.4051,506,275.132,1,Normal
2022-03-18,339.805,576,296.004,1,Normal
2022-03-19,594.9106,919,477.544,1,Normal
2022-03-20,570.2157,870,404.138,1,Normal
2022-03-21,458.7028,716,358.075,1,Normal
2022-03-22,437.9999,634,318.063,1,Normal
2022-03-23,347.4904,502,240.50300000000001,1,Normal
2022-03-24,285.6072,419,213.634,1,Normal
2022-03-25,399.147,558,325.14300000000003,1,Normal
2022-03-26,563.7361,787,373.486,1,Normal
2022-03-27,481.8975,664,333.883,1,Normal
2022-03-28,263.5752,379,209.112,1,Normal
2022-03-29,258.1139,406,198.998,1,Normal
2022-03-30,354.5683,509,253.278,1,Normal
2022-03-31,308.9891,446,239.945,1,Normal
2022-04-01,386.1796,545,299.094,1,Normal
2022-04-02,398.9863,571,313.178,1,Normal
2022-04-03,424.6442,612,337.758,1,Normal
2022-04-04,517.1543,743,374.573,1,Normal
2022-04-05,332.4548,527,274.873,1,Normal
2022-04-06,232.5386,367,203.611,1,Normal
2022-04-07,207.3936,326,160.387,1,Normal
2022-04-08,189.5488,317,172.875,1,Normal
2022-04-09,436.4914,682,363.894,1,Normal
2022-04-10,442.7054,685,381.039,1,Normal
2022-04-11,225.4644,386,192.703,1,Normal
2022-04-12,299.9686,471,233.301,1,Normal
2022-04-13,311.9368,488,244.586,1,Normal
2022-04-14,275.7585,475,243.084,1,Normal
2022-04-15,338.4739,558,282.952,1,Normal
2022-04-16,373.0501,582,297.114,1,Normal
2022-04-17,374.6806,634,295.502,1,Normal
2022-04-18,262.3869,446,242.687,1,Normal
2022-04-19,252.8836,381,208.393,1,Normal
2022-04-20,249.3408,446,222.209,1,Normal
2022-04-21,225.4908,408,223.872,1,Normal
2022-04-22,287.316,489,256.799,1,Normal
2022-04-23,357.6045,613,287.285,1,Normal
2022-04-24,248.7727,473,229.651,1,Normal
2022-04-25,282.5015,566,281.941,1,Normal
2022-04-26,201.021,394,195.218,1,Normal
2022-04-27,224.362,451,216.764,1,Normal
2022-04-28,246.0168,500,243.599,1,Normal
2022-04-29,306.3909,561,285.256,1,Normal
2022-04-30,354.066,736,330.168,1,Normal
2022-05-01,325.9859,640,316.963,1,Normal
2022-05-02,293.8764,633,284.487,1,Normal
2022-05-03,260.1941,543,247.126,1,Normal
2022-05-04,286.1799,601,261.109,1,Normal
2022-05-05,193.797,414,185.929,1,Normal
2022-05-06,231.4845,515,227.807,1,Normal
2022-05-07,282.0695,624,297.544,1,Normal
2022-05-08,314.6216,676,318.656,1,Normal
2022-05-09,263.1826,555,249.525,1,Normal
2022-05-10,214.7186,493,205.174,1,Normal
2022-05-11,204.1505,446,186.441,1,Normal
2022-05-12,202.8971,434,190.63400000000001,1,Normal
2022-05-13,278.3245,586,257.779,1,Normal
2022-05-14,418.4635,877,376.29200000000003,1,Normal
2022-05-15,357.7447,779,348.849,1,Normal
2022-05-16,201.296,456,190.67,1,Normal
2022-05-17,170.2249,384,161.639,1,Normal
2022-05-18,206.3893,448,196.996,1,Normal
2022-05-19,200.9948,451,180.044,1,Normal
2022-05-20,205.3383,421,183.377,1,Normal
2022-05-21,339.3507,702,318.597,1,Normal
2022-05-22,305.349,663,287.585,1,Normal
2022-05-23,188.2913,424,178.161,1,Normal
2022-05-24,225.564,511,228.802,1,Normal
2022-05-25,180.0881,411,182.052,1,Normal
2022-05-26,198.5544,487,208.086,1,Normal
2022-05-27,189.7322,426,192.556,1,Normal
2022-05-28,340.4213,883,389.691,1,Normal
2022-05-29,334.11129999999997,835,380.063,1,Normal
2022-05-30,173.2582,457,196.816,1,Normal
2022-05-31,175.5335,456,206.232,1,Normal
2022-06-01,194.9321,493,218.232,1,Normal
2022-06-02,234.0478,579,262.868,1,Normal
2022-06-03,362.0511,908,420.321,1,Normal
2022-06-04,190.8484,528,238.69,1,Normal
2022-06-05,233.0004,575,259.282,1,Normal
2022-06-06,200.6867,558,237.767,1,Normal
2022-06-07,182.1815,514,223.314,1,Normal
2022-06-08,194.558,528,234.01,1,Normal
2022-06-09,326.957,582,412.71,1,Normal
2022-06-10,197.1825,546,241.057,1,Normal
2022-06-11,317.2038,887,385.454,1,Normal
2022-06-12,309.6681,857,373.128,1,Normal
2022-06-13,202.4746,525,241.876,1,Normal
2022-06-14,227.092,533,224.103,1,Normal
2022-06-15,194.0137,502,230.334,1,Normal
2022-06-16,200.5644,541,250.595,1,Normal
2022-06-17,234.1318,586,273.138,1,Normal
2022-06-18,377.1843,920,419.346,1,Normal
2022-06-19,368.8066,909,404.442,1,Normal
2022-06-20,235.2208,591,267.593,1,Normal
2022-06-21,191.9881,488,228.473,1,Normal
2022-06-22,221.0882,514,231.723,1,Normal
2022-06-23,149.9668,382,180.453,1,Normal
2022-06-24,219.3917,503,233.733,1,Normal
2022-06-25,307.9466,681,335.527,1,Normal
2022-06-26,348.1329,764,363.113,1,Normal
2022-06-27,209.6091,502,216.029,1,Normal
2022-06-28,232.7087,550,257.814,1,Normal
2022-06-29,293.0683,640,301.278,1,Normal
2022-06-30,257.976,568,275.282,1,Normal
2022-07-01,265.9694,587,287.146,1,Normal
2022-07-02,452.1124,903,408.991,1,Normal
2022-07-03,474.8926,865,444.54,1,Normal
2022-07-04,304.5307,630,266.911,1,Normal
2022-07-05,337.3145,700,327.977,1,Normal
2022-07-06,331.4459,692,327.048,1,Normal
2022-07-07,327.7819,692,311.737,1,Normal
2022-07-08,300.6238,625,310.215,1,Normal
2022-07-09,452.3961,959,417.957,1,Normal
2022-07-10,469.6767,992,477.96,1,Normal
2022-07-11,345.73,729,344.043,1,Normal
2022-07-12,346.081,755,319.731,1,Normal
2022-07-13,355.8379,778,362.663,1,Normal
2022-07-14,303.9498,650,289.903,1,Normal
2022-07-15,352.8777,696,329.843,1,Normal
2022-07-16,571.668,1069,524.048,1,Normal
2022-07-17,546.8011,1035,534.28,1,Normal
2022-07-18,378.2276,729,346.967,1,Normal
2022-07-19,367.0203,725,373.157,1,Normal
2022-07-20,442.4172,863,437.226,1,Normal
2022-07-21,416.1847,793,446.773,1,Normal
2022-07-22,366.19440000000003,713,366.38,1,Normal
2022-07-23,536.2889,1013,526.852,1,Normal
2022-07-24,455.4137,841,479.792,1,Normal
2022-07-25,392.5011,763,449.552,1,Normal
2022-07-26,456.9662,847,480.803,1,Normal
2022-07-27,427.3755,814,452.385,1,Normal
2022-07-28,485.7846,901,511.198,1,Normal
2022-07-29,482.7643,847,651.377,1,Normal
2022-07-30,540.5937,1008,719.28,1,Normal
2022-07-31,548.4051000000001,1005,762.796,1,Normal
2022-08-01,519.5794,1000,698.301,1,Normal
2022-08-02,434.8881,846,573.337,1,Normal
2022-08-03,480.8752,1005,753.034,1,Normal
2022-08-04,502.53860000000003,1004,735.048,1,Normal
2022-08-05,475.845,984,695.82,1,Normal
2022-08-06,606.3340000000001,1189,848.805,1,Normal
2022-08-07,587.1573,1157,838.383,1,Normal
2022-08-08,468.5109,940,709.586,1,Normal
2022-08-09,487.8162,979,708.289,1,Normal
2022-08-10,481.2157,926,677.187,1,Normal
2022-08-11,432.0301,930,699.158,1,Normal
2022-08-12,477.2681,982,723.671,1,Normal
2022-08-13,677.9291000000001,1374,1046.424,-1,Anomaly
2022-08-14,685.8361,1324,921.657,1,Normal
2022-08-15,530.779,1019,748.379,1,Normal
2022-08-16,573.3953,1096,793.248,1,Normal
2022-08-17,563.7176,1067,783.795,1,Normal
2022-08-18,720.6446,1315,961.805,-1,Anomaly
2022-08-19,1056.6776,1782,1248.084,-1,Anomaly
2022-08-20,729.6685,1264,946.44,-1,Anomaly
2022-08-21,670.073,1200,913.323,1,Normal
2022-08-22,382.8916,749,581.076,1,Normal
2022-08-23,393.7909,745,561.567,1,Normal
2022-08-24,350.4274,681,484.429,1,Normal
2022-08-25,442.3904,840,523.953,1,Normal
2022-08-26,416.48040000000003,840,562.092,1,Normal
2022-08-27,604.0989,1137,762.6370000000001,1,Normal
2022-08-28,677.5718,1165,793.029,1,Normal
2022-08-29,439.9524,786,606.199,1,Normal
2022-08-30,477.4212,830,552.867,1,Normal
2022-08-31,320.8462,559,401.879,1,Normal
2022-09-01,524.6307,836,586.112,1,Normal
2022-09-02,494.7579,841,593.646,1,Normal
2022-09-03,710.1592,1140,832.281,1,Normal
2022-09-04,840.7326,1305,969.799,-1,Anomaly
2022-09-05,521.8116,792,575.11,1,Normal
2022-09-06,484.8243,719,489.999,1,Normal
2022-09-07,489.8744,665,486.705,1,Normal
2022-09-08,487.8566,700,473.473,1,Normal
2022-09-09,812.7299,1066,783.106,-1,Anomaly
2022-09-10,974.9974,1328,909.233,-1,Anomaly
2022-09-11,788.8811,1084,695.217,1,Normal
2022-09-12,737.7546,1017,669.16,1,Normal
2022-09-13,482.2431,702,462.605,1,Normal
2022-09-14,373.8303,545,378.093,1,Normal
2022-09-15,345.0061,518,381.738,1,Normal
2022-09-16,423.9397,633,444.316,1,Normal
2022-09-17,742.0337,1044,737.379,1,Normal
2022-09-18,692.556,1035,752.059,1,Normal
2022-09-19,293.0772,490,336.595,1,Normal
2022-09-20,367.8504,629,434.883,1,Normal
2022-09-21,360.2195,595,397.221,1,Normal
2022-09-22,379.4835,629,421.842,1,Normal
2022-09-23,454.1885,776,513.334,1,Normal
2022-09-24,699.7081,1100,766.236,1,Normal
2022-09-25,562.5039,939,640.878,1,Normal
2022-09-26,345.8569,560,379.388,1,Normal
2022-09-27,276.6085,481,324.334,1,Normal
2022-09-28,326.6792,547,368.734,1,Normal
2022-09-29,303.79,553,379.998,1,Normal
2022-09-30,414.5289,749,485.035,1,Normal
2022-10-01,674.8505,1164,789.399,1,Normal
2022-10-02,607.7299,1021,667.489,1,Normal
2022-10-03,534.6927000000001,910,605.25,1,Normal
2022-10-04,678.5769,1046,715.924,1,Normal
2022-10-05,707.0718,1107,783.5120000000001,1,Normal
2022-10-06,861.9316,1348,950.729,-1,Anomaly
2022-10-07,854.6655,1414,992.8,-1,Anomaly
2022-10-08,545.4931,972,703.224,1,Normal
2022-10-09,562.5984,1012,694.125,1,Normal
2022-10-10,480.8328,841,620.014,1,Normal
2022-10-11,388.309,730,534.884,1,Normal
2022-10-12,380.6918,692,514.917,1,Normal
2022-10-13,338.5186,581,399.84,1,Normal
2022-10-14,193.8985,380,275.119,1,Normal
2022-10-15,754.4413,1357,979.451,-1,Anomaly
2022-10-16,696.1057,1293,907.933,1,Normal
2022-10-17,403.8893,777,543.139,1,Normal
2022-10-18,516.8445,1005,689.821,1,Normal
2022-10-19,375.8613,696,512.377,1,Normal
2022-10-20,376.933,697,524.273,1,Normal
2022-10-21,1313.8873,2081,1534.797,-1,Anomaly
2022-10-22,616.3834,965,755.199,1,Normal
2022-10-23,501.3047,900,648.297,1,Normal
2022-10-24,301.6655,585,428.549,1,Normal
2022-10-25,359.4732,695,509.659,1,Normal
2022-10-26,354.5068,736,527.001,1,Normal
2022-10-27,351.1161,720,510.201,1,Normal
2022-10-28,459.9343,861,646.052,1,Normal
2022-10-29,686.9158,1320,958.015,-1,Anomaly
2022-10-30,596.4781,1257,776.954,1,Normal
2022-10-31,259.8645,537,314.265,1,Normal
2022-11-01,273.8692,597,367.801,1,Normal
2022-11-03,323.3834,702,415.816,1,Normal
2022-11-05,527.5441,1124,683.195,1,Normal
2022-11-06,449.54810000000003,980,603.632,1,Normal
2022-11-07,266.285,609,370.126,1,Normal
2022-11-08,248.585,543,331.611,1,Normal
2022-11-09,212.6079,487,332.172,1,Normal
2022-11-10,205.0872,497,349.512,1,Normal
2022-11-11,344.4494,776,560.198,1,Normal
2022-11-12,564.146,1296,895.247,1,Normal
2022-11-13,495.2871,1185,819.689,1,Normal
2022-11-14,256.6267,658,456.148,1,Normal
2022-11-15,270.21750000000003,629,440.677,1,Normal
2022-11-16,247.79670000000002,602,442.414,1,Normal
2022-11-17,304.3876,707,514.98,1,Normal
2022-11-18,515.8085,1233,888.594,1,Normal
2022-11-19,1417.6802,3214,2484.598,-1,Anomaly
2022-11-20,452.8975,993,667.055,1,Normal
2022-11-21,1317.6569,2627,1969.171,-1,Anomaly
2022-11-22,211.2683,462,364.229,1,Normal
2022-11-23,299.92810000000003,583,504.898,1,Normal
2022-11-24,285.3496,588,478.816,1,Normal
2022-11-25,316.0917,575,490.43399999999997,1,Normal
2022-11-26,341.2539,686,593.386,1,Normal
2022-11-27,41.9448,84,76.601,-1,Anomaly
2022-11-28,35.3827,78,70.882,-1,Anomaly
2022-11-29,38.1095,74,64.243,-1,Anomaly
2022-12-04,127.4169,277,226.851,-1,Anomaly
2022-12-05,278.9114,577,474.843,1,Normal
2022-12-06,375.2796,770,537.145,1,Normal
2022-12-07,371.887,759,581.253,1,Normal
2022-12-08,295.5856,644,486.236,1,Normal
2022-12-09,256.6672,543,387.602,1,Normal
2022-12-10,460.689,920,677.232,1,Normal
2022-12-11,438.1669,870,650.059,1,Normal
2022-12-12,249.5956,564,416.332,1,Normal
2022-12-13,290.2349,640,474.495,1,Normal
2022-12-14,309.2981,634,502.091,1,Normal
2022-12-15,390.2271,813,652.259,1,Normal
2022-12-16,418.13100000000003,843,695.329,1,Normal
2022-12-17,518.1558,1003,720.016,1,Normal
2022-12-18,447.5666,962,696.297,1,Normal
2022-12-19,367.9085,757,511.873,1,Normal
2022-12-20,355.6167,752,550.915,1,Normal
2022-12-21,471.6942,1014,707.939,1,Normal
2022-12-22,342.4203,690,505.254,1,Normal
2022-12-23,327.285,651,487.871,1,Normal
2022-12-24,432.5355,879,662.451,1,Normal
2022-12-25,562.3734000000001,1155,852.947,1,Normal
2022-12-26,382.2599,796,579.582,1,Normal
2022-12-27,392.1304,800,595.94,1,Normal
2022-12-28,388.145,787,581.8,1,Normal
2022-12-29,397.9425,778,586.865,1,Normal
2022-12-30,387.9635,789,593.315,1,Normal
2022-12-31,566.4647,1087,854.196,1,Normal
2023-01-01,555.6646,1063,802.917,1,Normal
2023-01-02,478.1847,917,683.537,1,Normal
2023-01-03,368.1385,692,515.806,1,Normal
2023-01-04,341.2029,623,464.532,1,Normal
2023-01-05,346.802,624,460.274,1,Normal
2023-01-06,397.1768,689,519.169,1,Normal
2023-01-07,404.1044,699,497.3,1,Normal
2023-01-08,466.3321,791,566.63,1,Normal
2023-01-09,373.90409999999997,619,459.329,1,Normal
2023-01-10,378.6554,653,491.868,1,Normal
2023-01-11,391.1791,664,486.547,1,Normal
2023-01-12,396.6589,663,484.318,1,Normal
2023-01-13,449.5191,750,553.348,1,Normal
2023-01-14,985.1773000000001,1447,1049.289,-1,Anomaly
2023-01-15,750.2405,1053,787.498,1,Normal
2023-01-16,618.4928,880,610.761,1,Normal
2023-01-17,665.6057,865,612.673,1,Normal
2023-01-18,1082.9514,1345,897.197,-1,Anomaly
2023-01-19,1835.5389,2127,1429.692,-1,Anomaly
2023-01-20,2573.5874,3175,2121.073,-1,Anomaly
2023-01-22,560.7528,722,493.354,1,Normal
2023-01-23,807.1424,1041,705.847,1,Normal
2023-01-24,793.4572000000001,1099,641.22,1,Normal
2023-01-25,1150.3217,1380,801.253,-1,Anomaly
2023-01-26,1129.6484,1435,869.648,-1,Anomaly
2023-01-27,1074.416,1519,972.905,-1,Anomaly
2023-01-28,828.5916,1132,782.762,-1,Anomaly
2023-01-29,640.701,934,650.097,1,Normal
2023-01-30,573.1417,848,595.155,1,Normal
2023-01-31,533.5729,786,556.901,1,Normal
2023-02-01,448.8732,667,464.927,1,Normal
2023-02-02,526.9459,794,562.904,1,Normal
2023-02-03,581.0497,891,625.418,1,Normal
2023-02-04,733.5251,1083,758.379,1,Normal
2023-02-05,696.3628,1036,672.711,1,Normal
2023-02-06,370.8329,609,409.208,1,Normal
2023-02-07,360.074,600,390.211,1,Normal
2023-02-08,378.8918,605,415.344,1,Normal
2023-02-09,462.7664,761,517.397,1,Normal
2023-02-10,471.023,722,499.062,1,Normal
2023-02-11,655.8681,1047,699.824,1,Normal
2023-02-12,662.1636,1090,728.22,1,Normal
2023-02-13,445.3053,736,514.592,1,Normal
2023-02-14,379.028,651,435.448,1,Normal
2023-02-15,372.8363,634,441.946,1,Normal
2023-02-16,356.9012,597,410.338,1,Normal
2023-02-17,400.8961,643,477.152,1,Normal
2023-02-18,700.0008,1100,736.534,1,Normal
2023-02-19,544.3477,864,609.207,1,Normal
2023-02-20,283.1563,483,327.555,1,Normal
2023-02-21,333.3215,566,373.193,1,Normal
2023-02-22,330.3686,551,366.296,1,Normal
2023-02-23,343.1357,583,403.532,1,Normal
2023-02-24,393.628,642,430.813,1,Normal
2023-02-25,544.9424,893,603.739,1,Normal
2023-02-26,491.4028,829,581.453,1,Normal
2023-02-27,304.9199,481,326.214,1,Normal
2023-02-28,304.9445,495,329.292,1,Normal
2023-03-01,311.31600000000003,524,367.98,1,Normal
2023-03-02,303.1052,524,365.459,1,Normal
2023-03-03,381.0742,623,449.219,1,Normal
2023-03-04,478.0765,742,491.903,1,Normal
2023-03-05,459.1301,721,491.42,1,Normal
2023-03-06,289.1113,456,310.752,1,Normal
2023-03-07,306.0993,515,357.064,1,Normal
2023-03-08,321.9778,516,342.112,1,Normal
2023-03-09,281.8574,459,324.36,1,Normal
2023-03-10,332.08910000000003,580,401.679,1,Normal
2023-03-11,493.386,831,593.696,1,Normal
2023-03-12,504.4171,830,533.724,1,Normal
2023-03-13,311.0534,490,325.79,1,Normal
2023-03-14,288.1755,475,321.425,1,Normal
2023-03-15,347.7877,599,394.659,1,Normal
2023-03-16,405.16270000000003,660,452.396,1,Normal
2023-03-17,584.1427,984,645.01,1,Normal
2023-03-18,745.0575,1200,772.431,1,Normal
2023-03-19,637.8552,1009,668.937,1,Normal
2023-03-20,436.3514,708,463.356,1,Normal
2023-03-21,406.4902,689,451.789,1,Normal
2023-03-22,386.1542,676,442.365,1,Normal
2023-03-23,373.1286,630,424.346,1,Normal
2023-03-24,481.3117,816,535.75,1,Normal
2023-03-25,610.8129,995,645.92,1,Normal
2023-03-26,592.5122,1009,662.589,1,Normal
2023-03-27,352.9527,572,378.794,1,Normal
2023-03-28,319.7636,557,366.945,1,Normal
2023-03-29,347.8312,566,375.9,1,Normal
2023-03-30,318.3331,557,384.224,1,Normal
2023-03-31,444.1475,777,529.74,1,Normal
2023-04-01,470.8008,855,549.891,1,Normal
2023-04-02,491.76370000000003,924,548.509,1,Normal
2023-04-03,388.1721,688,444.069,1,Normal
2023-04-04,370.0267,671,437.861,1,Normal
2023-04-05,468.0439,853,563.828,1,Normal
2023-04-06,318.7499,556,364.206,1,Normal
2023-04-07,323.3945,577,375.211,1,Normal
2023-04-08,452.7827,809,526.937,1,Normal
2023-04-09,427.8408,741,495.272,1,Normal
2023-04-10,245.2463,450,298.023,1,Normal
2023-04-11,264.3638,484,343.58,1,Normal
2023-04-12,259.8213,471,312.581,1,Normal
2023-04-13,247.7827,423,264.709,1,Normal
2023-04-14,307.2698,542,368.12,1,Normal
2023-04-15,424.6037,740,519.363,1,Normal
2023-04-16,412.0703,751,484.929,1,Normal
2023-04-17,212.1745,381,245.216,1,Normal
2023-04-18,299.0769,550,375.459,1,Normal
2023-04-19,270.2753,497,336.875,1,Normal
2023-04-20,240.9887,479,290.675,1,Normal
2023-04-21,404.9215,747,516.763,1,Normal
2023-04-22,634.0662,1166,781.787,1,Normal
2023-04-23,427.1124,777,570.309,1,Normal
2023-04-24,301.6118,581,380.612,1,Normal
2023-04-25,253.06560000000002,481,347.961,1,Normal
2023-04-26,214.88580000000002,422,285.791,1,Normal
2023-04-27,240.4318,460,316.846,1,Normal
2023-04-28,302.6692,549,389.87,1,Normal
2023-04-29,430.4446,802,547.642,1,Normal
2023-04-30,371.072,680,433.25600000000003,1,Normal
2023-05-01,418.4275,745,486.469,1,Normal
2023-05-02,392.6229,710,447.535,1,Normal
2023-05-03,418.1832,767,486.862,1,Normal
2023-05-04,290.7194,550,321.266,1,Normal
2023-05-05,292.1627,543,309.927,1,Normal
2023-05-06,380.7596,697,432.994,1,Normal
2023-05-07,531.5401,970,601.33,1,Normal
2023-05-08,323.7062,552,335.701,1,Normal
2023-05-09,298.8732,531,326.227,1,Normal
2023-05-10,338.9066,608,402.077,1,Normal
2023-05-11,294.6033,530,323.478,1,Normal
2023-05-12,345.4543,621,361.858,1,Normal
2023-05-13,494.6066,844,509.33,1,Normal
2023-05-14,451.4988,826,500.528,1,Normal
2023-05-15,312.8666,586,368.445,1,Normal
2023-05-16,329.7303,585,382.558,1,Normal
2023-05-17,295.9694,542,319.998,1,Normal
2023-05-18,237.7634,444,259.427,1,Normal
2023-05-19,281.1909,485,319.032,1,Normal
2023-05-20,368.7712,676,424.999,1,Normal
2023-05-21,469.7443,809,490.712,1,Normal
2023-05-22,306.8196,586,364.382,1,Normal
2023-05-23,290.11830000000003,493,327.916,1,Normal
2023-05-24,258.5658,478,287.37,1,Normal
2023-05-25,266.37080000000003,508,291.968,1,Normal
2023-05-26,357.1942,616,360.646,1,Normal
2023-05-27,518.7522,927,583.511,1,Normal
2023-05-28,527.0279,969,602.089,1,Normal
2023-05-29,285.8387,559,319.876,1,Normal
2023-05-30,277.0316,536,309.873,1,Normal
2023-05-31,264.2029,472,286.857,1,Normal
2023-06-01,283.3132,492,297.283,1,Normal
2023-06-02,326.31940000000003,578,353.035,1,Normal
2023-06-03,520.2996,888,541.969,1,Normal
2023-06-04,462.8422,825,515.814,1,Normal
2023-06-05,297.8989,568,324.369,1,Normal
2023-06-06,313.0129,556,348.632,1,Normal
2023-06-07,280.5049,494,290.152,1,Normal
2023-06-08,279.3952,495,295.852,1,Normal
2023-06-09,278.85020000000003,523,321.083,1,Normal
2023-06-10,483.8509,903,570.047,1,Normal
2023-06-11,458.4374,827,503.246,1,Normal
2023-06-12,251.5679,443,281.254,1,Normal
2023-06-13,274.9898,510,319.898,1,Normal
2023-06-14,247.088,459,286.33,1,Normal
2023-06-15,233.3486,418,259.375,1,Normal
2023-06-16,339.8827,554,379.087,1,Normal
2023-06-17,526.6622,993,602.922,1,Normal
2023-06-18,507.641,932,576.3870000000001,1,Normal
2023-06-19,259.5733,496,294.123,1,Normal
2023-06-20,252.5392,455,279.285,1,Normal
2023-06-21,299.1648,560,348.99,1,Normal
2023-06-22,438.8868,759,454.231,1,Normal
2023-06-23,311.8841,593,375.838,1,Normal
2023-06-24,319.7771,619,365.833,1,Normal
2023-06-25,233.7886,449,264.32,1,Normal
2023-06-26,211.0454,420,231.982,1,Normal
2023-06-27,246.4348,457,272.247,1,Normal
2023-06-28,255.2238,474,299.124,1,Normal
2023-06-29,307.848,529,331.34,1,Normal
2023-06-30,312.3885,554,324.358,1,Normal
